lr-AdamW,created_at,train/loss_simple_step,train/loss_vlb_step,train/loss_step,global_step,epoch,val/loss_simple,val/loss_vlb,val/loss,val/loss_simple_ema,val/loss_vlb_ema,val/loss_ema,train/loss_simple_epoch,train/loss_vlb_epoch,train/loss_epoch
0.01,2022-12-24 16:55:16.518573,,,,,,,,,,,,,,
,2022-12-24 16:55:17.267726,0.03455078974366188,0.00013859289174433798,0.03455078974366188,49.0,0.0,,,,,,,,,
0.01,2022-12-24 16:55:54.385746,,,,,,,,,,,,,,
,2022-12-24 16:55:55.131157,0.2788105010986328,0.001249783206731081,0.2788105010986328,99.0,0.0,,,,,,,,,
0.01,2022-12-24 16:56:32.902805,,,,,,,,,,,,,,
,2022-12-24 16:56:33.651479,0.46552321314811707,0.0020076166838407516,0.46552321314811707,149.0,0.0,,,,,,,,,
0.01,2022-12-24 16:57:09.578304,,,,,,,,,,,,,,
,2022-12-24 16:57:10.231146,0.2922757565975189,0.002144875004887581,0.2922757565975189,199.0,0.0,,,,,,,,,
0.01,2022-12-24 16:57:44.658561,,,,,,,,,,,,,,
,2022-12-24 16:57:45.316151,0.10585352033376694,0.00036303201341070235,0.10585352033376694,249.0,0.0,,,,,,,,,
,2022-12-24 16:57:59.207534,,,,,0.0,0.3901887834072113,0.0027699549682438374,0.3901887834072113,0.09738071262836456,0.00046012431266717613,0.09738071262836456,,,
,2022-12-24 16:58:03.887591,,,,,0.0,,,,,,,0.2228981852531433,0.002343873493373394,0.2228981852531433
0.01,2022-12-24 16:58:39.936077,,,,,,,,,,,,,,
,2022-12-24 16:58:40.692885,0.022786054760217667,9.73564965534024e-05,0.022786054760217667,299.0,1.0,,,,,,,,,
0.01,2022-12-24 16:59:17.336824,,,,,,,,,,,,,,
,2022-12-24 16:59:18.080150,0.10132797062397003,0.00037861778400838375,0.10132797062397003,349.0,1.0,,,,,,,,,
0.01,2022-12-24 16:59:55.190393,,,,,,,,,,,,,,
,2022-12-24 16:59:55.947851,0.05359404534101486,0.00019327471090946347,0.05359404534101486,399.0,1.0,,,,,,,,,
0.01,2022-12-24 17:00:32.202257,,,,,,,,,,,,,,
,2022-12-24 17:00:32.908786,0.04822356998920441,0.00016635522479191422,0.04822356998920441,449.0,1.0,,,,,,,,,
0.01,2022-12-24 17:01:09.074305,,,,,,,,,,,,,,
,2022-12-24 17:01:09.777429,0.3130795359611511,0.0014580097049474716,0.3130795359611511,499.0,1.0,,,,,,,,,
,2022-12-24 17:01:12.966467,,,,,1.0,0.4400182068347931,0.004475053399801254,0.4400182068347931,0.1628037840127945,0.0007706599426455796,0.1628037840127945,,,
,2022-12-24 17:01:15.387732,,,,,1.0,,,,,,,0.1932787448167801,0.0019193707266822457,0.1932787448167801
0.01,2022-12-24 17:04:10.807887,,,,,,,,,,,,,,
,2022-12-24 17:04:11.556511,0.0558619424700737,0.0001954050676431507,0.0558619424700737,549.0,2.0,,,,,,,,,
0.01,2022-12-24 17:04:47.555497,,,,,,,,,,,,,,
,2022-12-24 17:04:48.283594,0.09824188798666,0.0003787802124861628,0.09824188798666,599.0,2.0,,,,,,,,,
0.01,2022-12-24 17:05:24.302215,,,,,,,,,,,,,,
,2022-12-24 17:05:25.000224,0.2127838134765625,0.0020035409834235907,0.2127838134765625,649.0,2.0,,,,,,,,,
0.01,2022-12-24 17:06:00.871332,,,,,,,,,,,,,,
,2022-12-24 17:06:01.568353,0.11285743117332458,0.0003776823577936739,0.11285743117332458,699.0,2.0,,,,,,,,,
0.01,2022-12-24 17:06:37.351341,,,,,,,,,,,,,,
,2022-12-24 17:06:38.017535,0.2746071517467499,0.0013713865773752332,0.2746071517467499,749.0,2.0,,,,,,,,,
,2022-12-24 17:06:41.273420,,,,,2.0,0.0938996896147728,0.0004717700066976249,0.0938996896147728,0.21345575153827667,0.0031191781163215637,0.21345575153827667,,,
,2022-12-24 17:06:43.479083,,,,,2.0,,,,,,,0.1713048219680786,0.00303792767226696,0.1713048219680786
0.01,2022-12-24 17:07:18.492563,,,,,,,,,,,,,,
,2022-12-24 17:07:19.204832,0.17136693000793457,0.0013894373551011086,0.17136693000793457,799.0,3.0,,,,,,,,,
0.01,2022-12-24 17:07:55.021965,,,,,,,,,,,,,,
,2022-12-24 17:07:55.752054,0.055580224841833115,0.00018876552348956466,0.055580224841833115,849.0,3.0,,,,,,,,,
0.01,2022-12-24 17:08:31.781295,,,,,,,,,,,,,,
,2022-12-24 17:08:32.485541,0.26547789573669434,0.001211671275086701,0.26547789573669434,899.0,3.0,,,,,,,,,
0.01,2022-12-24 17:09:09.166438,,,,,,,,,,,,,,
,2022-12-24 17:09:09.861918,0.0310302022844553,0.00011728551180567592,0.0310302022844553,949.0,3.0,,,,,,,,,
0.01,2022-12-24 17:09:46.258123,,,,,,,,,,,,,,
,2022-12-24 17:09:47.010334,0.21165581047534943,0.0009764167480170727,0.21165581047534943,999.0,3.0,,,,,,,,,
,2022-12-24 17:09:50.036983,,,,,3.0,0.0268895011395216,0.00010091388685395941,0.0268895011395216,0.15214113891124725,0.0010017070453613997,0.15214113891124725,,,
,2022-12-24 17:09:52.588237,,,,,3.0,,,,,,,0.12069772183895111,0.0010848912643268704,0.12069772183895111
0.01,2022-12-24 17:12:40.858437,,,,,,,,,,,,,,
,2022-12-24 17:12:41.613547,0.01674739085137844,7.506644760724157e-05,0.01674739085137844,1049.0,4.0,,,,,,,,,
0.01,2022-12-24 17:13:18.231998,,,,,,,,,,,,,,
,2022-12-24 17:13:18.988032,0.40362992882728577,0.005486823618412018,0.40362992882728577,1099.0,4.0,,,,,,,,,
0.01,2022-12-24 17:13:55.482342,,,,,,,,,,,,,,
,2022-12-24 17:13:56.224526,0.17668399214744568,0.000602128216996789,0.17668399214744568,1149.0,4.0,,,,,,,,,
0.01,2022-12-24 17:14:32.349162,,,,,,,,,,,,,,
,2022-12-24 17:14:33.074015,0.1265440583229065,0.00041970255551859736,0.1265440583229065,1199.0,4.0,,,,,,,,,
0.01,2022-12-24 17:15:09.424025,,,,,,,,,,,,,,
,2022-12-24 17:15:10.146969,0.029205571860074997,0.00010504649253562093,0.029205571860074997,1249.0,4.0,,,,,,,,,
,2022-12-24 17:15:13.182390,,,,,4.0,0.11669181287288666,0.0010811485117301345,0.11669181287288666,0.19727228581905365,0.002047531772404909,0.19727228581905365,,,
,2022-12-24 17:15:15.269779,,,,,4.0,,,,,,,0.11883927136659622,0.0011441162787377834,0.11883927136659622
0.01,2022-12-24 17:15:52.240406,,,,,,,,,,,,,,
,2022-12-24 17:15:52.966159,0.11167381703853607,0.0003735449572559446,0.11167381703853607,1299.0,5.0,,,,,,,,,
0.01,2022-12-24 17:16:29.101936,,,,,,,,,,,,,,
,2022-12-24 17:16:29.796099,0.011618413031101227,4.809516394743696e-05,0.011618413031101227,1349.0,5.0,,,,,,,,,
0.01,2022-12-24 17:17:05.991857,,,,,,,,,,,,,,
,2022-12-24 17:17:06.770718,0.02204623818397522,8.598430576967075e-05,0.02204623818397522,1399.0,5.0,,,,,,,,,
0.01,2022-12-24 17:17:43.163390,,,,,,,,,,,,,,
,2022-12-24 17:17:43.870538,0.1648251861333847,0.0009878418641164899,0.1648251861333847,1449.0,5.0,,,,,,,,,
0.01,2022-12-24 17:18:19.765928,,,,,,,,,,,,,,
,2022-12-24 17:18:20.503094,0.05696489289402962,0.00019749464991036803,0.05696489289402962,1499.0,5.0,,,,,,,,,
,2022-12-24 17:18:23.675727,,,,,5.0,0.20211319625377655,0.0014897809596732259,0.20211319625377655,0.027228903025388718,0.00010037146421382204,0.027228903025388718,,,
,2022-12-24 17:18:27.905883,,,,,5.0,,,,,,,0.11718899756669998,0.0015771302860230207,0.11718899756669998
0.01,2022-12-24 17:21:16.695440,,,,,,,,,,,,,,
,2022-12-24 17:21:17.458689,0.702652096748352,0.23193514347076416,0.702652096748352,1549.0,6.0,,,,,,,,,
0.01,2022-12-24 17:21:54.360000,,,,,,,,,,,,,,
,2022-12-24 17:21:55.134516,0.05999378859996796,0.000204986339667812,0.05999378859996796,1599.0,6.0,,,,,,,,,
0.01,2022-12-24 17:22:31.419375,,,,,,,,,,,,,,
,2022-12-24 17:22:32.185633,0.13181869685649872,0.0008072374621406198,0.13181869685649872,1649.0,6.0,,,,,,,,,
0.01,2022-12-24 17:23:08.527325,,,,,,,,,,,,,,
,2022-12-24 17:23:09.221802,0.12801313400268555,0.0005916797090321779,0.12801313400268555,1699.0,6.0,,,,,,,,,
0.01,2022-12-24 17:23:45.227769,,,,,,,,,,,,,,
,2022-12-24 17:23:46.046415,0.014334633015096188,6.516171561088413e-05,0.014334633015096188,1749.0,6.0,,,,,,,,,
,2022-12-24 17:23:49.208125,,,,,6.0,0.04127887636423111,0.00014641296002082527,0.04127887636423111,0.12196965515613556,0.0005835521151311696,0.12196965515613556,,,
,2022-12-24 17:23:51.145388,,,,,6.0,,,,,,,0.11410225927829742,0.0042585404589772224,0.11410225927829742
0.01,2022-12-24 17:24:28.193756,,,,,,,,,,,,,,
,2022-12-24 17:24:28.873644,0.006804837845265865,3.184974048053846e-05,0.006804837845265865,1799.0,7.0,,,,,,,,,
0.01,2022-12-24 17:25:05.079586,,,,,,,,,,,,,,
,2022-12-24 17:25:05.772598,0.027766024693846703,0.00010457245662109926,0.027766024693846703,1849.0,7.0,,,,,,,,,
0.01,2022-12-24 17:25:41.848248,,,,,,,,,,,,,,
,2022-12-24 17:25:42.551364,0.0628117024898529,0.0002193042600993067,0.0628117024898529,1899.0,7.0,,,,,,,,,
0.01,2022-12-24 17:26:19.182717,,,,,,,,,,,,,,
,2022-12-24 17:26:19.904210,0.115413598716259,0.0004637173260562122,0.115413598716259,1949.0,7.0,,,,,,,,,
0.01,2022-12-24 17:26:56.189045,,,,,,,,,,,,,,
,2022-12-24 17:26:56.919473,0.08447737246751785,0.00028015210409648716,0.08447737246751785,1999.0,7.0,,,,,,,,,
,2022-12-24 17:26:59.902732,,,,,7.0,0.10446716845035553,0.0008137347176671028,0.10446716845035553,0.031245514750480652,0.00011468265438452363,0.031245514750480652,,,
,2022-12-24 17:27:02.545280,,,,,7.0,,,,,,,0.10929979383945465,0.003351006656885147,0.10929979383945465
0.01,2022-12-24 17:29:49.119926,,,,,,,,,,,,,,
,2022-12-24 17:29:49.926790,0.09377078711986542,0.0003207798581570387,0.09377078711986542,2049.0,8.0,,,,,,,,,
0.01,2022-12-24 17:30:26.501058,,,,,,,,,,,,,,
,2022-12-24 17:30:27.225346,0.31560033559799194,0.0019503331277519464,0.31560033559799194,2099.0,8.0,,,,,,,,,
0.01,2022-12-24 17:31:03.668788,,,,,,,,,,,,,,
,2022-12-24 17:31:04.406104,0.04773775488138199,0.00016082775255199522,0.04773775488138199,2149.0,8.0,,,,,,,,,
0.01,2022-12-24 17:31:40.888259,,,,,,,,,,,,,,
,2022-12-24 17:31:41.630037,0.09006119519472122,0.00034376553958281875,0.09006119519472122,2199.0,8.0,,,,,,,,,
0.01,2022-12-24 17:32:18.013335,,,,,,,,,,,,,,
,2022-12-24 17:32:18.670381,0.013265603221952915,5.625256017083302e-05,0.013265603221952915,2249.0,8.0,,,,,,,,,
,2022-12-24 17:32:21.952815,,,,,8.0,0.09952709078788757,0.00039783937972970307,0.09952709078788757,0.12137681990861893,0.00047995851491577923,0.12137681990861893,,,
,2022-12-24 17:32:23.873078,,,,,8.0,,,,,,,0.11764809489250183,0.0022014311980456114,0.11764809489250183
0.01,2022-12-24 17:33:00.652572,,,,,,,,,,,,,,
,2022-12-24 17:33:01.430974,0.19213317334651947,0.0008388072019442916,0.19213317334651947,2299.0,9.0,,,,,,,,,
0.01,2022-12-24 17:33:37.145571,,,,,,,,,,,,,,
,2022-12-24 17:33:37.861930,0.05934659019112587,0.00020176407997496426,0.05934659019112587,2349.0,9.0,,,,,,,,,
0.01,2022-12-24 17:34:14.077083,,,,,,,,,,,,,,
,2022-12-24 17:34:14.882721,0.186609148979187,0.0007170483004301786,0.186609148979187,2399.0,9.0,,,,,,,,,
0.01,2022-12-24 17:34:51.515796,,,,,,,,,,,,,,
,2022-12-24 17:34:52.249335,0.06270389258861542,0.00021578400628641248,0.06270389258861542,2449.0,9.0,,,,,,,,,
0.01,2022-12-24 17:35:28.656669,,,,,,,,,,,,,,
,2022-12-24 17:35:29.343517,0.05232098698616028,0.000173519627423957,0.05232098698616028,2499.0,9.0,,,,,,,,,
,2022-12-24 17:35:32.673050,,,,,9.0,0.15011024475097656,0.006745052989572287,0.15011024475097656,0.03261726349592209,0.00011767817341024056,0.03261726349592209,,,
,2022-12-24 17:35:35.048685,,,,,9.0,,,,,,,0.1148366630077362,0.0031119645573198795,0.1148366630077362
0.01,2022-12-24 17:38:11.941537,,,,,,,,,,,,,,
,2022-12-24 17:38:12.677644,0.05961072817444801,0.00020156832761131227,0.05961072817444801,2549.0,10.0,,,,,,,,,
0.01,2022-12-24 17:38:48.743090,,,,,,,,,,,,,,
,2022-12-24 17:38:49.476245,0.018673447892069817,7.387918594758958e-05,0.018673447892069817,2599.0,10.0,,,,,,,,,
0.01,2022-12-24 17:39:25.939177,,,,,,,,,,,,,,
,2022-12-24 17:39:26.683360,0.14721834659576416,0.0006808934267610312,0.14721834659576416,2649.0,10.0,,,,,,,,,
0.01,2022-12-24 17:40:03.081980,,,,,,,,,,,,,,
,2022-12-24 17:40:03.757802,0.028522854670882225,0.00011120059934910387,0.028522854670882225,2699.0,10.0,,,,,,,,,
0.01,2022-12-24 17:40:40.674484,,,,,,,,,,,,,,
,2022-12-24 17:40:41.369892,0.0744689404964447,0.00025311880744993687,0.0744689404964447,2749.0,10.0,,,,,,,,,
,2022-12-24 17:40:44.609928,,,,,10.0,0.07104064524173737,0.0002578316198196262,0.07104064524173737,0.06872431933879852,0.00032445305259898305,0.06872431933879852,,,
,2022-12-24 17:40:46.729967,,,,,10.0,,,,,,,0.10616423934698105,0.0026948554441332817,0.10616423934698105
0.01,2022-12-24 17:41:23.387955,,,,,,,,,,,,,,
,2022-12-24 17:41:24.073696,0.03093598783016205,0.000111086068500299,0.03093598783016205,2799.0,11.0,,,,,,,,,
0.01,2022-12-24 17:42:00.725310,,,,,,,,,,,,,,
,2022-12-24 17:42:01.429544,0.12416692823171616,0.0006200654897838831,0.12416692823171616,2849.0,11.0,,,,,,,,,
0.01,2022-12-24 17:42:38.170459,,,,,,,,,,,,,,
,2022-12-24 17:42:38.929972,0.12239398062229156,0.0005619678413495421,0.12239398062229156,2899.0,11.0,,,,,,,,,
0.01,2022-12-24 17:43:15.714189,,,,,,,,,,,,,,
,2022-12-24 17:43:16.519983,0.10949532687664032,0.0004137658979743719,0.10949532687664032,2949.0,11.0,,,,,,,,,
0.01,2022-12-24 17:43:53.055570,,,,,,,,,,,,,,
,2022-12-24 17:43:53.843315,0.027819031849503517,0.00010810235107783228,0.027819031849503517,2999.0,11.0,,,,,,,,,
,2022-12-24 17:43:57.132436,,,,,11.0,0.04926477000117302,0.00017197903071064502,0.04926477000117302,0.10636425763368607,0.0006552558043040335,0.10636425763368607,,,
,2022-12-24 17:43:59.264957,,,,,11.0,,,,,,,0.11775655299425125,0.00259780022315681,0.11775655299425125
0.01,2022-12-24 17:46:44.912882,,,,,,,,,,,,,,
,2022-12-24 17:46:45.615625,0.03955917805433273,0.00014335733430925757,0.03955917805433273,3049.0,12.0,,,,,,,,,
0.01,2022-12-24 17:47:22.660498,,,,,,,,,,,,,,
,2022-12-24 17:47:23.380515,0.08820053189992905,0.0003408441261854023,0.08820053189992905,3099.0,12.0,,,,,,,,,
0.01,2022-12-24 17:48:00.501803,,,,,,,,,,,,,,
,2022-12-24 17:48:01.254222,0.02513633295893669,9.799066901905462e-05,0.02513633295893669,3149.0,12.0,,,,,,,,,
0.01,2022-12-24 17:48:37.602550,,,,,,,,,,,,,,
,2022-12-24 17:48:38.462028,0.05568217486143112,0.00019178338698111475,0.05568217486143112,3199.0,12.0,,,,,,,,,
0.01,2022-12-24 17:49:15.104749,,,,,,,,,,,,,,
,2022-12-24 17:49:15.817838,0.19165708124637604,0.0017564487643539906,0.19165708124637604,3249.0,12.0,,,,,,,,,
,2022-12-24 17:49:19.112700,,,,,12.0,0.11956305801868439,0.000567929819226265,0.11956305801868439,0.0421612374484539,0.000176750443642959,0.0421612374484539,,,
,2022-12-24 17:49:21.164837,,,,,12.0,,,,,,,0.10914552211761475,0.0021257365588098764,0.10914552211761475
0.01,2022-12-24 17:49:58.849566,,,,,,,,,,,,,,
,2022-12-24 17:49:59.547881,0.09566236287355423,0.0003155889571644366,0.09566236287355423,3299.0,13.0,,,,,,,,,
0.01,2022-12-24 17:50:35.338059,,,,,,,,,,,,,,
,2022-12-24 17:50:36.083185,0.02829756774008274,9.93406429188326e-05,0.02829756774008274,3349.0,13.0,,,,,,,,,
0.01,2022-12-24 17:51:12.401111,,,,,,,,,,,,,,
,2022-12-24 17:51:13.092509,0.22400759160518646,0.0010656120721250772,0.22400759160518646,3399.0,13.0,,,,,,,,,
0.01,2022-12-24 17:51:49.305754,,,,,,,,,,,,,,
,2022-12-24 17:51:50.062216,0.09792517125606537,0.0004069700953550637,0.09792517125606537,3449.0,13.0,,,,,,,,,
0.01,2022-12-24 17:52:27.173092,,,,,,,,,,,,,,
,2022-12-24 17:52:27.954753,0.02613893151283264,9.45932260947302e-05,0.02613893151283264,3499.0,13.0,,,,,,,,,
,2022-12-24 17:52:31.296971,,,,,13.0,0.1394239217042923,0.0007783175678923726,0.1394239217042923,0.1374160349369049,0.000983423669822514,0.1374160349369049,,,
,2022-12-24 17:52:33.808170,,,,,13.0,,,,,,,0.10820978879928589,0.003272267524152994,0.10820978879928589
0.01,2022-12-24 17:55:21.636355,,,,,,,,,,,,,,
,2022-12-24 17:55:22.361321,0.014762124046683311,6.0630482039414346e-05,0.014762124046683311,3549.0,14.0,,,,,,,,,
0.01,2022-12-24 17:55:59.217832,,,,,,,,,,,,,,
,2022-12-24 17:55:59.967452,0.11780169606208801,0.00047835070290602744,0.11780169606208801,3599.0,14.0,,,,,,,,,
0.01,2022-12-24 17:56:36.127871,,,,,,,,,,,,,,
,2022-12-24 17:56:36.913757,0.950922966003418,0.0035751883406192064,0.950922966003418,3649.0,14.0,,,,,,,,,
0.01,2022-12-24 17:57:13.650906,,,,,,,,,,,,,,
,2022-12-24 17:57:14.407025,0.8854073286056519,0.003462695050984621,0.8854073286056519,3699.0,14.0,,,,,,,,,
0.01,2022-12-24 17:57:50.979208,,,,,,,,,,,,,,
,2022-12-24 17:57:51.720207,0.9431834816932678,0.003152881283313036,0.9431834816932678,3749.0,14.0,,,,,,,,,
,2022-12-24 17:57:54.857718,,,,,14.0,0.9273946285247803,0.004467758350074291,0.9273946285247803,0.9327628016471863,0.0062341876327991486,0.9327628016471863,,,
,2022-12-24 17:57:56.665976,,,,,14.0,,,,,,,0.4541073739528656,0.005036754067987204,0.4541073739528656
0.01,2022-12-24 17:58:33.776258,,,,,,,,,,,,,,
,2022-12-24 17:58:34.486406,0.5088767409324646,0.00301868817768991,0.5088767409324646,3799.0,15.0,,,,,,,,,
0.01,2022-12-24 17:59:10.999392,,,,,,,,,,,,,,
,2022-12-24 17:59:11.798959,0.1160687655210495,0.00041681528091430664,0.1160687655210495,3849.0,15.0,,,,,,,,,
0.01,2022-12-24 17:59:49.065084,,,,,,,,,,,,,,
,2022-12-24 17:59:49.791316,0.43624788522720337,0.002055442426353693,0.43624788522720337,3899.0,15.0,,,,,,,,,
0.01,2022-12-24 18:00:26.431132,,,,,,,,,,,,,,
,2022-12-24 18:00:27.152551,0.17731772363185883,0.0006088463123887777,0.17731772363185883,3949.0,15.0,,,,,,,,,
0.01,2022-12-24 18:01:04.291657,,,,,,,,,,,,,,
,2022-12-24 18:01:05.078476,0.38337215781211853,0.003481430234387517,0.38337215781211853,3999.0,15.0,,,,,,,,,
,2022-12-24 18:01:08.044082,,,,,15.0,0.13411517441272736,0.0006385454908013344,0.13411517441272736,0.2439105063676834,0.004426231142133474,0.2439105063676834,,,
,2022-12-24 18:01:10.087059,,,,,15.0,,,,,,,0.33960822224617004,0.005095320753753185,0.33960822224617004
0.01,2022-12-24 18:03:57.908564,,,,,,,,,,,,,,
,2022-12-24 18:03:58.602778,0.0427817776799202,0.00016116353799588978,0.0427817776799202,4049.0,16.0,,,,,,,,,
0.01,2022-12-24 18:04:35.192923,,,,,,,,,,,,,,
,2022-12-24 18:04:35.916317,0.044195521622896194,0.000156983092892915,0.044195521622896194,4099.0,16.0,,,,,,,,,
0.01,2022-12-24 18:05:12.211399,,,,,,,,,,,,,,
,2022-12-24 18:05:12.952291,0.519894003868103,0.007361138705164194,0.519894003868103,4149.0,16.0,,,,,,,,,
0.01,2022-12-24 18:05:49.338351,,,,,,,,,,,,,,
,2022-12-24 18:05:50.043997,0.07409454882144928,0.0002523192670196295,0.07409454882144928,4199.0,16.0,,,,,,,,,
0.01,2022-12-24 18:06:26.699941,,,,,,,,,,,,,,
,2022-12-24 18:06:27.399706,0.39938125014305115,0.004542849026620388,0.39938125014305115,4249.0,16.0,,,,,,,,,
,2022-12-24 18:06:30.501538,,,,,16.0,0.2537823021411896,0.0015458284178748727,0.2537823021411896,0.1836843192577362,0.001231961534358561,0.1836843192577362,,,
,2022-12-24 18:06:32.318131,,,,,16.0,,,,,,,0.1738831102848053,0.0029714552219957113,0.1738831102848053
0.01,2022-12-24 18:07:08.978990,,,,,,,,,,,,,,
,2022-12-24 18:07:09.672093,0.06446220725774765,0.00022692275524605066,0.06446220725774765,4299.0,17.0,,,,,,,,,
0.01,2022-12-24 18:07:46.548200,,,,,,,,,,,,,,
,2022-12-24 18:07:47.296093,0.24849273264408112,0.0010680551640689373,0.24849273264408112,4349.0,17.0,,,,,,,,,
0.01,2022-12-24 18:08:23.799877,,,,,,,,,,,,,,
,2022-12-24 18:08:24.637667,0.03967651352286339,0.00014522415585815907,0.03967651352286339,4399.0,17.0,,,,,,,,,
0.01,2022-12-24 18:09:01.467686,,,,,,,,,,,,,,
,2022-12-24 18:09:02.183840,0.19327837228775024,0.0007479331106878817,0.19327837228775024,4449.0,17.0,,,,,,,,,
0.01,2022-12-24 18:09:40.193991,,,,,,,,,,,,,,
,2022-12-24 18:09:40.994241,0.010733313858509064,5.546133252209984e-05,0.010733313858509064,4499.0,17.0,,,,,,,,,
,2022-12-24 18:09:43.921301,,,,,17.0,0.14739754796028137,0.0007330643711611629,0.14739754796028137,0.02716352790594101,0.00010632735938997939,0.02716352790594101,,,
,2022-12-24 18:09:48.220961,,,,,17.0,,,,,,,0.15974834561347961,0.0018664702074602246,0.15974834561347961
0.01,2022-12-24 18:12:34.488626,,,,,,,,,,,,,,
,2022-12-24 18:12:35.210209,0.01663578674197197,7.708047633059323e-05,0.01663578674197197,4549.0,18.0,,,,,,,,,
0.01,2022-12-24 18:13:09.667581,,,,,,,,,,,,,,
,2022-12-24 18:13:10.328599,0.12890979647636414,0.0004941340885125101,0.12890979647636414,4599.0,18.0,,,,,,,,,
0.01,2022-12-24 18:13:44.831510,,,,,,,,,,,,,,
,2022-12-24 18:13:45.574923,0.03429350629448891,0.00012870492355432361,0.03429350629448891,4649.0,18.0,,,,,,,,,
0.01,2022-12-24 18:14:21.715554,,,,,,,,,,,,,,
,2022-12-24 18:14:22.472637,0.2309599220752716,0.0011486291186884046,0.2309599220752716,4699.0,18.0,,,,,,,,,
0.01,2022-12-24 18:14:57.750981,,,,,,,,,,,,,,
,2022-12-24 18:14:58.390299,0.021481696516275406,8.822058589430526e-05,0.021481696516275406,4749.0,18.0,,,,,,,,,
,2022-12-24 18:15:01.399158,,,,,18.0,0.16384002566337585,0.0007018384640105069,0.16384002566337585,0.21919770538806915,0.006317687686532736,0.21919770538806915,,,
,2022-12-24 18:15:03.253269,,,,,18.0,,,,,,,0.16404053568840027,0.0021668383851647377,0.16404053568840027
0.01,2022-12-24 18:15:39.392175,,,,,,,,,,,,,,
,2022-12-24 18:15:40.115615,0.4106658101081848,0.005031605251133442,0.4106658101081848,4799.0,19.0,,,,,,,,,
0.01,2022-12-24 18:16:16.700748,,,,,,,,,,,,,,
,2022-12-24 18:16:17.395372,0.11171543598175049,0.00036714517045766115,0.11171543598175049,4849.0,19.0,,,,,,,,,
0.01,2022-12-24 18:16:54.759027,,,,,,,,,,,,,,
,2022-12-24 18:16:55.470106,0.4166945517063141,0.005501891020685434,0.4166945517063141,4899.0,19.0,,,,,,,,,
0.01,2022-12-24 18:17:32.070892,,,,,,,,,,,,,,
,2022-12-24 18:17:32.793115,0.07085544615983963,0.0002429107262287289,0.07085544615983963,4949.0,19.0,,,,,,,,,
0.01,2022-12-24 18:18:09.447797,,,,,,,,,,,,,,
,2022-12-24 18:18:10.191022,0.041648492217063904,0.00014900238602422178,0.041648492217063904,4999.0,19.0,,,,,,,,,
,2022-12-24 18:18:13.606385,,,,,19.0,0.3027627766132355,0.0019825673662126064,0.3027627766132355,0.3244994878768921,0.003337811678647995,0.3244994878768921,,,
,2022-12-24 18:18:15.904367,,,,,19.0,,,,,,,0.18083670735359192,0.004047831986099482,0.18083670735359192
0.01,2022-12-24 18:21:03.698733,,,,,,,,,,,,,,
,2022-12-24 18:21:04.459540,0.16047713160514832,0.0006883210735395551,0.16047713160514832,5049.0,20.0,,,,,,,,,
0.01,2022-12-24 18:21:41.268020,,,,,,,,,,,,,,
,2022-12-24 18:21:42.026093,0.028662214055657387,0.00011675043788272887,0.028662214055657387,5099.0,20.0,,,,,,,,,
0.01,2022-12-24 18:22:16.443896,,,,,,,,,,,,,,
,2022-12-24 18:22:17.182275,0.012353544123470783,5.504456930793822e-05,0.012353544123470783,5149.0,20.0,,,,,,,,,
0.01,2022-12-24 18:22:53.708910,,,,,,,,,,,,,,
,2022-12-24 18:22:54.530319,0.03061804175376892,0.00011578020348679274,0.03061804175376892,5199.0,20.0,,,,,,,,,
0.01,2022-12-24 18:23:31.323485,,,,,,,,,,,,,,
,2022-12-24 18:23:32.045267,0.12475136667490005,0.0004600760294124484,0.12475136667490005,5249.0,20.0,,,,,,,,,
,2022-12-24 18:23:35.226995,,,,,20.0,0.12154723703861237,0.0004478770133573562,0.12154723703861237,0.1996341347694397,0.0009269277798011899,0.1996341347694397,,,
,2022-12-24 18:23:37.404607,,,,,20.0,,,,,,,0.16435076296329498,0.0020932136103510857,0.16435076296329498
0.01,2022-12-24 18:24:14.777389,,,,,,,,,,,,,,
,2022-12-24 18:24:15.538193,0.026087269186973572,9.824190055951476e-05,0.026087269186973572,5299.0,21.0,,,,,,,,,
0.01,2022-12-24 18:24:51.982366,,,,,,,,,,,,,,
,2022-12-24 18:24:52.771658,0.2585161626338959,0.0014239484444260597,0.2585161626338959,5349.0,21.0,,,,,,,,,
0.01,2022-12-24 18:25:29.388208,,,,,,,,,,,,,,
,2022-12-24 18:25:30.200829,0.14572888612747192,0.0006214806926436722,0.14572888612747192,5399.0,21.0,,,,,,,,,
0.01,2022-12-24 18:26:06.862737,,,,,,,,,,,,,,
,2022-12-24 18:26:07.599278,0.874472975730896,0.0029127527959644794,0.874472975730896,5449.0,21.0,,,,,,,,,
0.01,2022-12-24 18:26:44.226067,,,,,,,,,,,,,,
,2022-12-24 18:26:44.950504,0.559105396270752,0.00321776932105422,0.559105396270752,5499.0,21.0,,,,,,,,,
,2022-12-24 18:26:48.192378,,,,,21.0,0.6499361395835876,0.0032877095509320498,0.6499361395835876,0.6463589668273926,0.0029621163848787546,0.6463589668273926,,,
,2022-12-24 18:26:50.418691,,,,,21.0,,,,,,,0.25359445810317993,0.005317638628184795,0.25359445810317993
0.01,2022-12-24 18:29:39.811060,,,,,,,,,,,,,,
,2022-12-24 18:29:40.547279,0.06224603205919266,0.00022643744887318462,0.06224603205919266,5549.0,22.0,,,,,,,,,
0.01,2022-12-24 18:30:17.215627,,,,,,,,,,,,,,
,2022-12-24 18:30:17.920309,0.28488484025001526,0.0013538540806621313,0.28488484025001526,5599.0,22.0,,,,,,,,,
0.01,2022-12-24 18:30:54.833551,,,,,,,,,,,,,,
,2022-12-24 18:30:55.556782,0.22127509117126465,0.0012024114839732647,0.22127509117126465,5649.0,22.0,,,,,,,,,
0.01,2022-12-24 18:31:32.279630,,,,,,,,,,,,,,
,2022-12-24 18:31:33.006908,0.2467263638973236,0.0010934718884527683,0.2467263638973236,5699.0,22.0,,,,,,,,,
0.01,2022-12-24 18:32:09.835415,,,,,,,,,,,,,,
,2022-12-24 18:32:10.617881,0.537174642086029,0.25615841150283813,0.537174642086029,5749.0,22.0,,,,,,,,,
,2022-12-24 18:32:13.828870,,,,,22.0,0.2347828894853592,0.0011789945419877768,0.2347828894853592,0.1394578069448471,0.0005374563043005764,0.1394578069448471,,,
,2022-12-24 18:32:16.010018,,,,,22.0,,,,,,,0.2111627459526062,0.005357927177101374,0.2111627459526062
0.01,2022-12-24 18:32:54.246821,,,,,,,,,,,,,,
,2022-12-24 18:32:54.970271,0.18672983348369598,0.0008076661033555865,0.18672983348369598,5799.0,23.0,,,,,,,,,
0.01,2022-12-24 18:33:32.665499,,,,,,,,,,,,,,
,2022-12-24 18:33:33.381731,0.09619786590337753,0.00032168717007152736,0.09619786590337753,5849.0,23.0,,,,,,,,,
0.01,2022-12-24 18:34:09.882266,,,,,,,,,,,,,,
,2022-12-24 18:34:10.590344,0.16870945692062378,0.0006717159412801266,0.16870945692062378,5899.0,23.0,,,,,,,,,
0.01,2022-12-24 18:34:46.929818,,,,,,,,,,,,,,
,2022-12-24 18:34:47.636493,0.33924397826194763,0.0021405040752142668,0.33924397826194763,5949.0,23.0,,,,,,,,,
0.01,2022-12-24 18:35:24.578241,,,,,,,,,,,,,,
,2022-12-24 18:35:25.270422,0.1271074414253235,0.0004265499592293054,0.1271074414253235,5999.0,23.0,,,,,,,,,
,2022-12-24 18:35:28.638338,,,,,23.0,0.19142410159111023,0.0007622821140103042,0.19142410159111023,0.2118670642375946,0.0013528648996725678,0.2118670642375946,,,
,2022-12-24 18:35:30.758388,,,,,23.0,,,,,,,0.16567879915237427,0.001483654952608049,0.16567879915237427
